USE Custo;
GO

INSERT INTO tipoUsuario(nomeTipoUsuario)
VALUES ('Empresa'),('Cliente'),('ONG')

INSERT INTO Usuario (idTipoUsuario,email,senha)
VALUES (1,'extra@hotmail.com','extra1234'),(1,'paodeacucar@gmail.com','pda@1234'),(1,'veran@email.com','veran4321'),(2,'gersin@gmail.com','vascocampeao3'),(2,'veraverao@hotmail.com','40028922'),(2,'vardo@email.com','brazil4all'),(3,'msf@hotmail.com','florence200'),(3,'spnsa@gmail.com','cjangelinavive2022'),(3,'esf@email.com','havaixd1')

INSERT INTO  Estado(nomeEstado)
VALUES ('Acre'),('Alagoas'),('Amapá'),('Amazonas'),('Bahia'),('Ceará'),('Distrito Federal'),('Espirito Santo'),('Goiás'),('Maranhão'),('Mato Grosso'),('Mato Grosso do Sul'),('Minas Gerais'),('Pará'),('Paraíba'),('Paraná'),('Pernambuco'),('Piauí'),('Rio de Janeiro'),('Rio Grande do Norte'),('Rio Grande do Sul'),('Rondônia'),('Roraima'),('Santa Catarina'),('São Paulo'),('Sergipe'),('Tocantins')

INSERT INTO Endereco(idEstado,cep,titulo)
VALUES (19,'12345-678','Rua 1'),(19,'87654-321','Avenida 2'),(25,'32451-098','Estrada 3'),(1,'67580-387','Rodovia 4'),(27,'43572-019','BR-005'),(4,'23260-965','Alameda 6'),(6,'52672-293','Lageado 7'),(16,'35463-0783','Caminho 8'),(20,'23456-987','Rota 9')

INSERT INTO Cliente(idUsuario,idEndereco,nome,documento)
VALUES (4,4,'Gerson Almeida Leite','123.456.789-10'),(5,5,'Vera Gioconda de Faria Melo','098.765.432-01'),(6,6,'Valdívia Ferreira Matos dos Santos e Silva','576.809.231-38'),(7,7,'Medicines Sans Frontiers','98.153.674/0001-57'),(8,8,'Serviço Promocional Nossa Senhora Aparecida','39.767.290/0001-27'),(9,9,'Engenheiro Sem Fronteiras','72.467.921/0001-37')

INSERT INTO Empresa(idUsuario,idEndereco,nomeFantasia,cnpj,imagemEmpresa)
VALUES (1,1,'Extra Hipermercado','12.345.678/0001-99','data:image/png;base64,iVBORw0KGgoAAAANSUhEUgAAAQsAAAC9CAMAAACTb6i8AAAA8FBMVEXtGyT////sGyLwJjEAesXsAAD7///sCxnwdHXpAADuAADsAArtER32pKj//P3vGCHvV1b4vLn5r6/4xsLva2v79vP///z2qKf+4uL3ycj40dD3///829ifw98Ac8MBesPyfHzsABEAdcP66eP47uoAbsHvP0D1kpH0UVjrLC3ub2npMzPz493mAA7zsa7rQUf46ezg7/Orx93pl5UAacDyu7rC2+jwXl1MktADe7urytzzsrZMlcqJtNXZ6fTvd3rtgoFvq9Fzp9bB1uvyRkcAebr3v8Th7PeNttLxXlbuX2TtTk3rOzj13tTtqaDxkIsdAJjwAAANOUlEQVR4nO2d/1/aOhfH22hSmlYCSlugCBQR5lREmcNtd8p23X3uhpv//3/zJC3FnPB1XtB7Ie8f9PWitE0/OTk5OUmKsaNJMZAmxdBoNBqNRqPRaDQajUaj0Wg0Go1Go9FoNBqNRqPRaDQajUaj0Wg0Gs3vg1zreWzaMm5m0ZO3mWdRP90wMXDhzHwmR+cbpQWiHcJZ4sFJaPLv+SmmT8hF9NrFXylOQLKk2QmCvUUE7a7pXx6OuOJatPFrl36luBfcKHrUjpwFRBhfE/Oy1qhyGtV3t6ZZtl+79CsFRdeEdOgSrd6+6BLzfWO3tis4fu8TD7nrL+ALgmjTJO5iKSzc4x7j73e7CcdX3HtcWC9QwBeEsaxZpAu/Zfe5UYQ3xx9GVvGRC/Njw6RItJjf7BHDDyXez3xsNGqN3d1arcatwjfrm+U3OcxdpAVzTj4R4l/+UU2aR61W/ZNbxeZJsVALho1fPKggn6uNpHnwv7c8zLhb2K7+e8zXwsUnHZ+HV1eicSQ0bnjEFfY3zyrmaMFE3zEsiYD0Y+2Yt4xEiupnHnB6rU1zmzEztXAdZ1AMhU18qO6OjeKDaB9lZ7PiipTpWjCH5q75cMMMD2vVWmoTjXfCKMLeMpHZf5EpWrAI3wdN3jb82y/VsZ/Y/da44WG32Xyzia4iRtECGZG90z4Tw9Hw6qaa2kRtl5vHRzE2zTsb6SpigBbIou5jJR6Xv//KHWZKbbd6fMgNhRzl8Ia2D0GqBWIIObhQilMZl5+FELVUiN1G4+9Q5Cva9mY6zRFju0D0JPCEk7g8vDl+8hLCJmqHIbcJ0jlxXru062WkBbMv4lAivOKhdi01Cf6/cXzD/QQPPA9adKONwki1sM5/cSdhvv96LHUcohdtfL31TaHEBWWvXdS1k2jROuLPe/XhOI0kEiGObw5DrgQJ8y286TYhiLU490z/cLcq6VBrVD98vo3zvV4P4c23CYHQolI2b2sNYBG1L++FEKZZztBoO5RItPDMP596jm+Nau1rLAQhZ70TvLmh1QRCC/P98bdvI4uoNr786cezIc3g3t4ak4iJtfiQ5Ktq3FtemWIKiHidHN7Q0ehshBaXx3H3Uf32+ZJHlybx/3rrOEvkxjcNocX/xBCsMYouSaVu2dZWvgYt0eJbo3EYz6h6wQndrCnS3yDW4rj6RyjcRCVjO8Y2WkRCrMW7v4USpaG9RR3oFIQWt1+5nyhdYLaVXuKJuB8JSbe/2amJpRBa+CRvWyyxiW22jDjWaidJPuZs1nqK34VrQR7j+UCLnu75/W32nswl+0KKKM51mrlt9hpo5ydGRuTUj+Lla9utxWnOdfHd0Wgd33ZrgdyoVSGm1kIQ/ZDWdm63FtaQjK1i27WgRXnJ71Zr4ebA6uet1sLpmf91LRBzXdeyXPZPk7P4+re0YIKJMYsozXhHiTt5fF0gC2NqG63v/UKh//3ewJQ+LYlghmNLOPakVBaWvmIZ+ABoMaTS6UBo17EpjnYeWq2WYT/NmUQOpba1M/xeKCQ7Sgrf710bO9baM+jMoQ/1/XJT5CWF+xcclYJ+mrxHRl7mer+vTIO6tN65Hh8/GFiKFqVr6eynQauL6Y+9gzOfhPEt/bOgFWcCo5P2daUZp0njmaVRmbyfn+7YWmdWGLMfgu7UnR1egJKVQ1FP2QlSRrIYTq4pHzyLVLsApA+D7GE+qxwjdS5GVJiz76RcWGOa7NzIz9rzwj8PkulfuwK/QY6k+Z7oRygfbXKd5mhBRo8S7ZQm70uyfHyPi6Y/+3Ty8826FmzgjFo3kG68x8dthUqR9sYFslpyyQkR6/wXaoGi/tTnJXx0i4/mlmicGFk1VLX+icKRDBb2PFC+Rlpp3+A0TelYWBAiLdTC6odT68CnyKCLtCC9dSz6owGZY4/p00Xc3dll5ePKqHJoSVIiSx7jYi7yF+5pOL0OltLCNDOrn21xBuHi3XGJ1TOkGsadKA+ChhWO9hLN00KcZpdnmOOSWpCVBxvslBDZUkn2qFwqlYueUtAmFQ28rrhPT1Qw9Pkk3SqmaEHGmOSMX8ztE9ka/WziRUXXGWuRdKLpufEBRYtPq3YZtCzfgniZiAdcPMjBD3l45564My6BAhGRxXNP5VKSpsOmalGspBSvT11xKeXRip3242M7yJfOzrnR/DwqH+SD3uMg089d3N/f9+uBYkeEGCuNupB7AXxF1xD9pDA+HnL8Av7Qi3P7rqc8wT2ypeEo9zw7qT9V4048RqjF2xt4suIFdiKBQ21+H+RgbItPeOTt8tibuZZDT6F8pH2+Ui2cDrDv3NPVmUHlPpSQ+mR74B+f4QPgN3Njj6ZoAccjzMqAG/9cJpZ0aQAuWVntrhvaBSESaIEUNohSfGecBx/6BPQtRNofNVcLUQnyeffLjWJpBdxttSMTF/SmRdBnOwF47GZSCxjE2gBC9qSamq8FBk91tFwNI+sOKNhfZR6A3cNGC4rk7EETSNbTWND/Ay3+sqV+bq4WBgWO52DKsHdqeQ1wzfYqQwyrAK4NtYj24KPuJA+KgxnxCCnKUizQwgCCzuseEWMipRLD7KbkxMj+KkclUXuOFs4+dJOno7qzj6aKQTy4sGB+G7kHB/cntUAGi6hN7cgyTloXbwTDixY6A6HMKp2n4hKgFvgvqMXJSAvrYlrAmISmS2sBk6GTFcyFaA06pbNuvGj8CdC3rbQjUboKrsXTD20i7EF/YaRrB+zeNC3eKo13fp/aBwcntHB2At4aQhO8P8Mn2SyIPpd0uUtqAaJOsxLHnCOwMnz1pO6yMpl1aKvlmquF4qigFsiKAiU/MBXSXKkWRXBxr1R+Qs2mSAbptnx1cNCx1cUmz9ciGjYXjpzjm3qrHJHAUGsePgmk8jpqKmNKqRZoMdNfIKu/jFHEWqwyh2F7i++Y3hg8jK2OrHoT5vpcLVgrVIekL6IFXloL0gX3nUjrkKE6oHiuFrioRPkhMdPhO/8jJRheTYuM/Kzi/TbwMGmuSAu3r/hlLx881jMFTmbw2GvK8cWK28iS1miW5e2jdm/KV/JKK3meFswBY9Esb3yOE6UzZ5GcIFixFsv6TvJT3u/hZKbFF2oC8pl2geHAtw13YeE1agHTir4U4pmjtJwpJrTA65Cs4Yz89Ql43OdqAcbBTRv21OvUAs7/dA9KkxzsD1xZCvfEy07v/WFI/Mw2gsC1r9WGt0YtYAxepjLjlJzsFRGLZqaoCZjAeaYWp+CsjvK0a9RCGYpWFsdxTDElmSwYnjkwebykFi4cwOaVEq1Ri+gR3Lmy+Nq2XNtS2j6h6TxNODv7z9LizWtp4f4Ady4uvDYNZL9Jfj0qcVH+ybNE89bl/Au1YKfQdy66Nm1LUzaEVChV3s9JnjpWawCO9JfUYvhaWiAlk7vg2kIKCY8hC1YjN42dtJG4MEUB4tY5vrP1WlooHQmZ915ZxGyYBQtbloEonCMwydjnoBNwIADD8tlanIADL9inGudtkCl4nJNMdQyQwcmGP+KJ5UgN48dvIbXBSh9Y7tmxlgOGSM0XtAteDfLFs8iaMUkZ2e2sPBngj1YWGNGdogW5GHkGegAmWjvjqTGE5sWdIL0U70AZGavootapBQ//5YubRw8UqWIg16FGu6m0hQCPrwDTDYR3rPEBKyPnZLJh+Q217TiIM5g7SwvkfIL3eaR2JKZV47lWvMaxmfBwcuZErM5qoYiKvCeO/1Jss1y7LJbYSYXwJafGTmFETsxPo0YOm0+Wl718nb8uVZqePdMukFVQMjnNfG8wuMtk7gbt/YMzUIwVayEMA460SOg1u8VipVzmY5FSudg1JxK9WSL7NNxWW0kh6Vhnzir5s7UQDmPZvOPKtbBO4bocP14EYpqj2iGEqFJkCdmHSa6u0kr8xOmwWY81xy64NQ2mpPimLjNcuRaGU1+2HkaEZADLYOXUQXyyNofb+4wVWfO04GH+Uu8UX4cWBp2SpZp5e95cm0PY8zKDTqT84hErQrQ99SoenqcFmkimvpwWBn5cYvlaen+yfz4x08+QrxhG+iZnOnVlXBYr8yMdB07FBjPn8tetBbLfLPvaf3LdmjJXhZwMnNLgnfOomM7DlEruUmVQGERAC0aHlcmzpmixjtfhWrRejLN55qwVwCLTF1baaMaLwZyCsvCPpJ0uw/d5foyf78d1La7z1jLOj8yxfCQcqqbm4mHeT2ZTp5usuAzx1/Nq4IgameCgOGuOwCse9AoWjnZmnm/X9wOZzk5a1czBw0GnfNblvYrvdUu9Hd7luuhx/NW9VjS52505dFgP8pXm1NrJdouVUj5Y18tFmCWWM9rRQ67/NlNPyRT6uZZLbYyjBb+OYsHfCABW7/KQMUYkDpOUOorGvzMw651KruXY4hzWGvYL8c+YiI0twwcWL/LD2Fnze1aQIe/kiXfz/PMtRv8QsLfIZS/4xoR/92s70L+8fBqNRqPRaDQajUaj0Wg0Go1Go9FoNBqNRqPRaDQajUaj0Wg0Go1Go1kd/weSLCXT0XnXSgAAAABJRU5ErkJggg=='),(2,2,'Grupo Pão de Açúcar','21.435.768/0001-99','data:image/png;base64,iVBORw0KGgoAAAANSUhEUgAAATcAAACiCAMAAAATIHpEAAABKVBMVEX6+vr7+/t1sUD5+fkdVTL8/Pz///+BvABurjNJiyq/1q3+/f9xrzlzsD19ugB4uAAAOwAAAAAARxkAQgwAPwAAOgAASh8ARBIAMgAANwDe498AQQrl6ebr6+tsrS+LvGTk790NTyjT2tW7x7+puK0vYD9iYmLR48T1+fPG3LYUUSt2kn+dylEkWzmQppft9d01ggCnz2U9hheTxTy214NggGjEzca72pGdrqJJb1TG3Z+8vLwmJibg4OBXV1eEhIQ5OTmXl5erq6t9tU+ex4GQv2ylyoro8eSMvGdhqRq716dFb1J9loTi786LwSOXuYrW6buGrHXG18BalDyrxqFvoFmt0m92pGKRtYO80rGVxkfS38vN46wAKgBohHDF3ptwcHAYGBiKiopEQBCiAAASHUlEQVR4nO2diVviyBLAubqIhMMJTlCOAAlIQGW8YGAd55BrQJx1Z9/OvjnWmbf//x/xqhNQRI4kdBL0s/wEOuluun5UdVUnIXj8lsXzmMS6mnOUt9ruEYrb3NzW37o8c7MsLnFzW20W4jg3txVmJs5yc1tbluIUN7f1ZC9OcHNbR7vEXm5ua2en2MfNbc3sFlu4ua2UE8Kem9saOSSsubmtj4PCkJvbqjgsrLi5rYfjwoSb20q4Iqtzc3a8XgK6EK/H5U9sJW7ODpVCS8uKUk96KTpn33xaVuDm7EARVX2vkhBEUUyIzYLHdXIG0U1Xc3aIaGuNgJAPjKQi5KsI0tExzBiVBW6ODhD9UgmIgXsiHsgAXkeH8UDMc3N0eAT8tURgWirxhuvgDJCbqOLw2AjI+fwDbCjCnvvglpJzjRuBQnwWtRE4ZwczQ4xyc3hYPFQf+ugtOIwOXk0cHtWkGOLm9KDIImyBQFzBHPi+OD3CJeA8zmNDCAQai7ChxaUfgHOe3hpx07VfMLeNJH859lRX6S3m5sgQJtTGSLrY2qjBFWYbnMPs3OU2pTKkxWXYMAH2LzA459jN52b7W09rC1CsLOeWHy4xOKfYzeFmszxUlMCeAXMLBBLp5QY3QmcvPMe5zVSSQH3p5KYb3J4xg7Pf6JzlNkdF8MxcXM0yONWowdnNzkFu87RDLzXKTawaNzibyTnEbYFukEwZxBYIVBblcM6ic4DbQr0INA3E0pEIddPcbCNnM7dlWoFiLChoYiYy2I7OTm5LNSKGUrdbEc07qm3g7ONmQCFQBBPYAoJsjZst6OziZkAZApdmzC2QNxtRbUVnCzdDmhhYz9+TShF469xsBceoS0N6EKiZMre71JcAD8AT08bHSLuxMOZmVAtIm5rdAnomQs/nq72rq1eqfimEm+SYcjOsA1QNLegn7Y2ehn71+iQaoxLc/61nlhwD/SaFHTfjKhA4MEetIlQJXH2KxaJBXaLR2NErV8mx4mZm/CCbc1OxmYHfPdex4KQgORWIuWjBhNhInOfmhaHRFb0m8QZ8Pj7svbrPjRrdNRBTb2wHuJX6MDV4AmaCaSUvwx+HG8efYZpbMBg7BXAb3Co9mBq6ueQtX/Srfx5vbBz/Bx5gQ3BHZhdgrKB5GHAzN3IvNIxH0/wl6SE15PY7nERngNs3vXJlxm3VM6cmx21mjZW/5HMato3jP2B/BjdqcWZXEmvCzeSoveA1fMCyUiS5ww1d/oKjWdyCsdfupcCrcDOLzQt1w1lI3q87KZU/4ctMbsHYtXsHg61zM43NxPSWSKobG0u5BaPmTtswBucUNgI3Bqe3RAH+PDbCbd/8QSaXuZnHhtyMOuke/Pd40t5mz2/WPJUVOGvcLGDzgn/JFUgjqRzA58M7bBgXZsZTXSwcnWMFziFsXqOL04SsTljbxsbf8G0uN4yp5gfiGjdL2IyeWRCH8Nckt+P/zlov3IIzHxpcu/LVGjaj4TQPXye9lK6zHq5P70LDqZXzNo+LW9XIwRBBue+luK5/cDzkHjjVwvmHx4TNa+iykEoR/rjP7bB3vYhb7LdHYnBei+fljJ2SSci5e16K9sa/nh9O0d4+WTlR6AY3i2KIW+US/rqPDdOQWYdDJgzulZUThY8FGyGGrqdJyN+nze13dZGbWo0MToOzjs0IN5zdps3tMLdwekNuQUtn9B8Rt+V+Kiq9KXPb2Fi0Wng8jmodGy7rl8bT/L2FqZ69LXFTqxHVWXDWqSG3pSez8kOYwrZxqC6MppqjHq3PpV42YCPL1wuC/Hna3H6HZdiCQUuZyNpzI7fclGXcHrrpIZwu5xazsmR4RNySS84CVmow7aVfF66xxtyu1tzgVsJGeFhib2JDvR9Nj/9ekvOOuF2D+eu71pwbmZBlAVWsf59yU/7UgLkFYz+eHDdyj9uS81mC/PUet+P0kpR3JNGf683NwtDuc4PAwsxXSN7jdty7MoRN57bG4FblRpYc8b1nb8cbBq1NS3yJJXCPhhvUFoUGUblb1B/+zf80iE2Lp0/L3giZBne5AFzlBkbcjo8/q/ux6JTM9VP1qdnbNDdqcQtOBiaSXw+Pjw8P//qs/gye7B8dfTk9fY1yenr65Wj/26egdo3vNEF6nYg1bg6BY8INlAMhPx0eKpW8KAqJVEXN/efrdxXmivrq6sfrL9+CGj7N1qKxL/D0uWnk6nsH2t3eNBGERKJyWRs2CvWkn35HAUYYZsloP/K7+nG6f4LcTk6vbus/aW76DRkzslJooBQKdTntH1sT/VrHXGYP+hjL7danze2B3gvsayk+frL49LnZI8/cnrmtNbZnbta4OYNt9XXWM7dnbs5wm8w3DKUes6rwC5tZGJ1D3CxPcF6QFUWpp6navGdYk+uNJeCwgTxdBdLNBc3WGJt1g4OisLm5tVXz04Pll7Xt7cISbv6UcDBdpbpzoCxo9iS5JYR6vVAUa6g3rqpkzfLIPX/lJ1N/qIqVhJ+MK9Fa4K/J4/owWijQsr6Tp/9PiZt+ZUg6foA6+oUteoPGRgHSskai0Cj4R+R4f3oCnCpc3qRkHZfSKCBmSGcopKR/1I5uAqVRBznJY3cqpBtpd794bwM4qCeopYG4RWBva2tHPNjOEChsbb5MiemRCW1NzF1Q3VIacerLWGlrc2unCtV/sAiX/6QBGnTTyyr4i6nN7WK8CNDcTg+3/0maNDjnsFnm1tDuLtAQmtCIH8hqVQwgkc0DmQxxk+Zvme36bczlM4kDqKeGCKqRyjeS9csh1FIyTyAeoNjEgrapKdTS6RtxDyBwsPeyIa+vuVm9PgRuhKqs3CQSaa+IBgbpRBOdVkDPg4Cg8tCoNKubaag3xWaSYhymFKxzCSSdEpOUpR/r+QmfxHbpOO0BN9VTl/hcSDVAFQLYwLUvVdoHDoqVBMbTWhqU+B5akRIfQiFepYia8TQ0tqv1ogjKdkNuFulUJhykk+mK6IdqXPNenlcFuqOQGI43ocPHFfDCXkIBWcgP1/1bDJa4kUS+UKhTMxnS22ejsgW4idcpt8t4xruFTnzTBHpL8iFmHzAUxc3NzUoiid6ZpNGCBzl1gzuaQgNBJ3VuxRRaIASwqKARm09D1p8bn9RcimK6icvAo4sqUIvjhMWnhQDUd9BhK1V5q9Fo7ijUi4v0UHANLamZGmUshRRCRRdV4DIx2iTGgV4BIKBVCjfrbm6WwOneqSl7gzDQngRZczDqbFVkghndS0VJ1PYKGWpuWwqlrCAqyo4mMBhOGgB7eaGubeLpJjGBmWAxL+qdPklu4zkJEwyhma5uFpGbkjpQoZoqoi3tqLieUOQdjKhyBq2qqCVuyVQTJ8FKPSPX9kDB2NnYou1GmzCcisN0TSiKXjiIp9c3510BHNR26ryWAPOqKGzuNArbaEY3Wy9fbl6qwKc3A2L1JXruTq2J+dnNjr6awqUWmpIoYLUCaO2Go3Zbm5u4qf4ysRmXazsZ/1Z+3Wc3a+D4esFPNdNSs0Y1CekCTvdQr1br2qSXxLQft2D6X/Dj42jtii+8PKYkmvPy6WpVpu3QR+VGlS4zQK42/CAX/J6C8gjMzRK48fWQozWlfkCI17Ncr1bUVpj6WnO8bqBbqy+H+loU7tqN0mPtJ8q82v/jwGb5m0Ze88cxwTP3CMicN+B54JdydIfbKuBYHQKe0zmvvj759OVqCTiXsK3GjQm6OR3Db7FYdD8aOyL8gkGygeDY9+tZgZvfLX8aiwZfXceC0RP7f2LFsfs5MGG3qEf+Ohb7Bj/o5YbRL3PBscLm2P1DVma35BvDhD+J/oT9T99i2jWYc+Y4RtgcvF/NauAM9NWLRXtXaHH04v3o0WxurLBZ5sYInAF8E9Vo5ualP08zujMoaC+17YS6aTB2rZ58Uq9j0ei3mdwYYnPuflymAM7YCf4Pu7sXyOr819t35xTgBZzt7srg+bD7K0P436LaDRxPY9e9k9n2xhKbc/d/W1Hg7M1Z5vwM4MPbc3/9xTkhmbfvPmTOX2Ten/nPXgBQbsHot5+xH/Atdj2DGzNsq3FzFhycv/Fq5yLOdukK7OwtgPziDF+9e0OPPr0/5/WviWAmcoUPtmNz8P6Wq3F7r7kmgRf0IAEhaGAXv3ALvLugj+8zPP+JGtwJvI7NDKfsfifM6fuproRNfqulZHD2a4QP4FddJ0a0opeoJzQgfIlF0VMfUGMpDO577Bi3Dxcw8Uwy/wN4Qy2PEsPie6DHXa6P6CX6+w+tjQ0vXZy/X/Qq3N6d6dz+1bjBxb/gf0OJnVM7hLN32l6e573qjAMiTHiNhdF93R2ARuDWzuCCEgLPiwyc72rE/oU7a9TYPWzPgtatsPsdAduxnb8jcP6Cfs8hQ/wvzgH87zEfufhAif1L7RB2z+ev5FdXcFJc+d0KawIXGEPh7H+7u+8vAM7f7/56ryUgGrG35zwNDv65KzEW+t0J699JsRUcydAAQDIZQklBJqMtt/RFhf44984EbLS7E3d+X8YyOP2RjJ/vti0WRrrdCfvf5XF83bVcmGk2Fr/fDm7rBo6dYiPx28TNs0bomGo1Ehu5rQs4tkpp4vfbyc2zBuiYa6SJ7dw87qKzQx+PI78bq8nToubU7xR73AFnly4zfxebfxYr4gk9ixXxcM9iRTy+Z7Eiz9ysyTM3a8KWW4Rpb9ifFGbcIythyi3cYqtmpJUbcEx7ZCYsuXED6DIFF/4IqsSyQ3bCkpvUU3u6mpHIxFNk/DSxbRJvxBcJ6zXC+uawXvSFpS58l8blyb169bu6+r7I7TvqVUf76Av9n6Ew5BbJAv7RoXK+LP5zEfrok7Ag4bCzLYpAwies0pnUQmq1KUh86nBhnNM67RZH57ZOpwwhLsx1cHeE7sWWYYmWWhq0sFbCunRfmIu0fFI2i6w4X7vNjWriqMISbdn+yNTjGXLjyrm+WsbRcSUAGPRD+BiS0HkBSlIbH3MRrkPwySeV4OMYHL6m1Vt6K2hzWXrnvAFS6NFyV+rQcjaco5e5dfRSS4UWthvVbUtlrWZfBXzRjqCVAqicVhOrQA5flHnaJztdmXJDJQc4HyGALNcudSGLtDot6EjZcp8MpFYp3IKBFFGRYuk28ko9ULsqYi5Br61Cl0PtEbUvrEIJYWez4O2WIJSDXJtAtoXqd6FLoNXv4WRKoNyFQRl7wBKHH0kZ37qLxRB8BG0HhThA5rQDllMlO27hNkhSBNrhCMLxhfu9kq/lU0NhKLckSVJzWakfHoCv1QqpUuTuo5eQRr8MJSTiQ4tpdSHX7yOvAT5HAPBD6PSpSaoScuGwYp9rYV1JQrOjdbRSC1siYdzaCuMH0ZW4VhnKfdpnCFvQeoN15SaVSC6XQ5dEC6OzlUq8XlUdSGhEapv72ANCXVfFjZMKRFC3MPoc2hiGANS8hP5EmeSoi4KKQNDNSlhhVGrjrNaFHjIhUo76nkSJIOEIbpUikTB2wkWoGbfDtO/vmimH8KMpryW3iA9KoVDoO+DAUbcI2ltfkvoYHtBBAR99A+gMALdJku/O3tBKe33qc6ibRF9TXtRykJBGhKBjZrWtGFz7fpzpOInaEGWHbDhOKo+YDqDERdDiAPrhMBL+iP2ptA7tnvbAMqIy44bTCodK+Oj8nOtLYYyFPknqtMIdqf8RWh1kCO0s7pUwmLa6Y3AYNnLhMhC0h5yvhzzQJ31otah3CKf/ED4PIqHed3RkWupByFcqT9Yt57CHCM5efbQsroXGjNGg1evmcH7AtujcLdySxc+hs5bcpF6J+oGU6/Xxwy+RHo4U3RbjQq9EMaglj0odkroyKtwZBQZJi6LQ4WjAxRbU1gB6ES6klUtacITv9LGHdkVrQaitlXJoZTRWd/SW1IfxwyNaHIe2VvOKdtfHf/QGYJrAsfPTdkvLMmku1hqUu+gy3fIgG8ZCqI2JVzfUlWhOFipjKTsYKRGhs/hggHkW18Ydg25Ya4zLUq5b7vgG7TD3kbaQ9FKEy4awN1qXw7qcVhdLXdqy3cbJItTBdK0canF6uwjN7Og/pnTryc03SvJxYsbpi6ODDHMcTeHDtKA/atu0CuNWNARInJbF4g7urjEtR+gOvYVWut17v+6opK0I9PJdu8h4rbC+6wUrooVTd4dgTdzmli2V1/SIx2Jx+7hlRHqU2Fzn9ljlmZs1eeZmTf4PtgfkdvJMoYAAAAAASUVORK5CYII='),(3,3,'Supermercado Veran','12.545.878/0001-89','data:image/jpeg;base64,/9j/4AAQSkZJRgABAQAAAQABAAD/2wCEAAkGBxISEhASEBAQEBAQFRYVFRUVFRsgFRsWIB0XIiAdHx8kICgsJCYxJx8fIz0jMTUrOjY6Iys/RD84Qyg5OisBCgoKDg0NFhAQEDcZFRktKy0rKzcrMDc3Kzc3LS4rKy03LSsrKys3KzcrNysrLS0tLTctKysrKy0tKystNzcrLf/AABEIAKsAqwMBIgACEQEDEQH/xAAbAAABBQEBAAAAAAAAAAAAAAADAQIEBgcABf/EAEQQAAEDAgIFBQwGCwEBAAAAAAEAAhEDIQQxBhJBUWEFcYGRsQcTFCIkcoKho7LB0hYjMkJU8DM0Q1JTYmNz0eHxwnT/xAAZAQADAQEBAAAAAAAAAAAAAAAAAQIDBAX/xAApEQACAQQCAgAEBwAAAAAAAAAAAQIDERIhMWEEExQyQVEiIzM0cYGh/9oADAMBAAIRAxEAPwDOsa36yp5zu1DpGCDsCn8qNu4NggEkxnmc+uygALz2e8tonVajYN5kHLnOe7oUQBKAngINIxDUKUAOtM+KCY6UmIZ4x4367qTqyJbqlotDheBvPTvQ8RmIiABkZ9aTKS2RwE9trixSgJwCRooi99O4A7wBKZqp4CXVQNRGMJGSWo4nNOhdqouPEGAi4lpJ1swciN3+UhCUAi4JE8UxOIx7IbBzJmNoEIIsQdouikJpCCcTn0Zuy4OzaOj4praWrd1o+7tPRsC4hI5u/aghxAPumEIxCYQghoJia4c0AAi85C2yBGav+iI8ko+n77lnJC0TRL9Uo+n77laMJ6KZiCO+nVaRqvJcTum8+tQwEfGPJe8EkgOdabZplMCRMxwUs3itDqdKRMgDKTvSlkWKkVoAGqSNo5rG/FEe1uqDcyAG7xGc9aRqkRRu2FOATqbJIAzJhFrUCww6JSNEgbWowoROsYIEj8/nNdQAka0x8VPpAQdfOBExlI3bJhMb0efVolpg53TYUzEtN9bW1ptJHwUeEmWlo6g0aw1hIJvdSOUNQxqQZtIO7ZCjwuhFx4bOoUdY8BcqU5kyDkch4tua9/8AqFhngEzkRE7lI1xtsN8tPwv+dyaIknc82pTgkbkMhSa7tZxO/sQSEgsPGEMAkiDe0k+pExFEuAkQRlY5brbMrrsIwnW2gX5jOfVKkOcXwPFMbLHr9XDNUjGV7nk4igWwCQZE2QCEd95JuShkJCaFxFBoa1wcCTmNyvmiY8ko+n77ln5C0LRMeSUfT99ypHPURRK7CalQASdZ3amlhGdlK1wKlWbS482ZSYh4MRsnmUs3iIW60EETABBIGQjanOsA2ZvJ3TuQgE8BI2jEVqISTckk8U0BTKGCc5pNuFxdBokRmhHFWZ1hJIzQ9VOASLURXvLs+PrTYTgEsILURsLtVSKFGZkwB27kamwAgQGnIznfaCgTIBC4MmeCeWp9EwTcibcI4oBrQJ9AgE2t27kEhSjYGHSTA6Lz8EOk0T41gmRYBBg5xaUOSLiQeC9It8V0aurNnbQL+u/rUTEtbPi3Bn/kIMyI4JhCMQkpxN42807PWghoZ3iAC6QDsGf+loWjRHg1KBbx8svtO4KiPqxJsXnOII4HnV20V/VaXp++5WjlqIomKH1lTzndqcKWUkCbwZmOgJa7CajwBJ1ndpT6jyDGUBuwbgpOiI004jIg7QlARHGWtn953Y1NASNojgpNHEOaNURF5tnKAAngJGiSFaFJ7xLZaZix2bc5KAFJpGGgSQDMxv3ILaO7wAPGME5W/IQYR6hkG5IBEE8QZQgEMuKCUXWIBAMyJyPBGER4wgC8HbzfnpUaF0IuDjcY+8nemkIhCaQkFgZC6k/VMqRVrS0N1QI22UYhMhq6DOqSHO1iDII3AeNAUbE1dYzG/q2LiEwhO5k4oYKZOWxCe2LGxUyhW1Z/xbpUfEv1iSJjjmgzfJGcFoOin6rR9P33KgEK/aKjyWj6fvuVI56qKRVfq1KhEGXOBByzSF8mTt3bkmJ/SVPOd2pAkzaK0a/yJopyfXw9Gp3iddoJipU+1ADvvbwqhp/yFTwtakKLdSlVZaXE+MDe5J2Fqsfcy5TnDOpE3ovMea649esu7ptPvmGbVEa1B4PousfXq9S4FUcauLZxQc4VdvR4ugOj1LEvqmuwupsYLSR4zjYyCMoPWrHpJoxgMPhq1UUYcxvinvj/ALRs3728hL3Pqfe8I1xJJrEvvnGQ6IE9K87up8rRQpUQRNV+sfNb/sjqQ6jlVsmEpzlUunZE/RrQzCvw9KpWYar6rGvnWcAARIAAI2L126GYEfsLH+o/5kmjmJjCYT+xS9xqqWk3dAxFDE1KNKnRLWQJcHFxMAnJw3qVKc5tJkN1ZSf4i3O0OwJzo5f1H/MqlpZoxSo1cP3klrK7xTIJJgki4J+K9vQvSipjKdR1ZrGOY4DxJAII3EntUbTrE+Pyf/8AQ3tCIzkp4tl0p1Iz3I9eloVgoE0STvNR/wDkJ50LwP8AA9o/5l6XhSzKr3TMTrHVp4cAkxIeYHE6wk9CKbnUbs+CF7m/n/093RvR7DVquNZUphwo1S1gDniGy7aCJy4r3foVgf4HtH/Ms05M0yr0HVqjG0i7EPL36wdAMuPiw4QLnOVZdF9PK9fEMo1adINqB0FgcCCGk3kmRaFpUhUV3fRc1W5UtfyTtKtDsMzD1KtBppvpAv8AtEggZgyTs3ImjWieDrYahUqUdZ72gk67xfmBXpaVYryPFf2n9iHobifIsN5g7SsfbL13v9Sc6mFsvqF+g+A/ge0qfMk+gvJ/4f2lT5lV9K9PcRhsTUo0mUHNY1pBc1xNwCZhw3r1tBtLamNZWNZjGOpOaJZIBBB2Em9t6pqooZ30Q/bb5iud0XRyhhRRfhwWB5LS2SRlIIJJO/aqSymXZZ2/6tE7rNUOpYa8fWO7FntF4Ac0zJ2j47YXXQeUEzrozeKT5I7loGirvJaPpe85UGqyOO48FftFf1Wl6fvuXQiqvCKM8gVXFwka7pHSUlUtJJaIGwJuK/SVPOd2rqYnYTzKWaxLR3PsXq4h1ObVWGPObceqVe+VMJ36jVpH9oxzQTsJFj0GCsw5OrCjVpVLDVe1xvfVm46itW74N68vy4uM1JGNRbG4SgKbGMb9mm0NHMBCzDuhY3vmLLQZFFrWcJzPbHQtPq12tBc4gBoJJ4DNYficSatWpUOdR7nHpMwq8GDcnJkLk2fkA+S4X+zS91qbi+RMPVeX1KLHPMS4i5hdyE8eDYa/7Gn7oVI0nr40Yqt3p2KFMxqahfqRAyi29Ywg51ZWlYRoGDwdOkC2kxrATJA3quabVR3zANka3f2mNsS0SqkK/KBF6mM66koFCnW8Iw7qwqyarPGqAyfGG0roh42MsnO5Sia/KzzQPkKjWbVq1m98LXarQZ1RaSeOa0Dvg3qo9zZwFCr/AHf/AC1c9OTjTm0Jaue4NHcJ+Hp9RRsJyNh6Tg+nRYx4mCBcTmvE04q4gNo+DGrEu1+9kz92Ji8ZryNEcRjTiWd9OJNKHa/fNfVyMZ7ZhNQnKm5Zj5XJbtJj5Jif7T+xC0SPkeG8z4lO0lePBMTf9k/sTNFXAYTDifuDtKzt+T/ZJQO6A7y2qP5We6F73ctbDMTz0+xyr+npnHVOZnuhWPuamGV5tJZHU5d9X9siktDe6r+iw/nu7FSMNUMHVLROcmCFd+6iZpUIvDz2LP6C18T9FCgtkqsRYC8CJ6Sfir5ot+q0vT99yoBWg6Ku8lo+L+9v/eculGlThFFq05qVNgDnEndcozDqyQLbDv3X2b+hBq1BrvBJEPcQRzpr6k7IAyCkuI9r87Ayr3yTyprUaZJvqgHnFj2KghMqTsJWNSkqiRVSN0XfSjlXVw1UAwag1B05+qVQ8HEgWgR1pppkxcmZkKRhcMRs6NvUtKVJU42OeEG5GhcmcojvVODOq1o6QIUnw/is+xIMnha25QKgdvPWuf4VNt3NJUmjUPD+K8fSDFazsNwqg9ipA14mT1pwc7iqj4uL5FGLNN8P4qt6F45rWVGTDi7WjhAHwVZJdvPWkp0jfYbIj4yUWr8g6bNL8P4rvD+KzarTdGe77w3Hio7y7eetT8GvuRgzQeX+U2ihUDiPHGqBvJsl5Axmrh6IyhvxWclpJvJR2OMHMFV8JHDG4sGehpS/XxbzvDOwL3NDsXqtq7Lt6gCqcAZnM8VMY4QQJaT1f5Ws6ScFAtQdiw6dYnXpU+Dj2KoYcZcU7E7pJ2nNdQtB3KqcFCCQoxaZLfhiATuzV40WPktL0/fcqRUxMiI38w5tyu+ix8lpen77lSHU4KFij9ZU853akaV2KP1lTzndqSmJIG9JmkXoKCnIr8OAJE2Hx9SCCkaxdxWs3WRKbYS0mSeG07gnOEEjcUXZcUhzr53XUsOCTuAlICjUKkHgbITLaTQves7C+Y1hHQhPw8EjNShU/mbHAX6uhCqPkkobFGCuDbRnYldQjMQjUKgBM7QnYmsDYbyi5dt8ER1Jc3CzewHOBfpRAi16sGBEDeAboTJlFEJ9CDBzCaaalVHSJOYMTvQmESJykSi5OKBnDHd0bepcaB3dFp6s0TEVCTeRHbtQ6ZOs2M5CCLaA16ERMXEoUKRWeDYACCb3QCUzOw5lOQTcxAgK/aLt8lpWd9/aP3ncFRK9LVZnPjDfu/2rxop+q0fT99yaOeqyi4+mA5xmCXG23MyUBjlLx0l5DgAC4hpGcztChAoZUHolGuT8UgKCCngqTZMniwDfFnMg5z8OtJiDfYLC26yEzEWMjWPEDtzSOqTuFoQy4vY8FOBQgU4FI1TCgpZQgUsoHcJK6U2m0uMC5RcRhyzPK10BkDlPc8G5kHhtQQivo5gEFzZJzQJyG1H5ACAOtCJSEppKYmwhqg/aE8RmmOq5hoidu1DJRMRS1YvO/gUGTaAEphKUlDJQQ2K95MSSYykrQNE3eS0fT99yzt3atB0UPktH0/fcric9V8FFxVUd8eZc4hzoByF+dR2lJiz9ZU853amsdGVikwi9E0DVAkXJvImMrJXs2gQIBPCULEVSYG4A85IFyiGsdQXIMkHiI274SNExAU4FDpuEibiRI4I2IqNLpaNUINFIfSBJEXUxjJB1LSL22zx2QSvPpPgiDClsq2OpERfnnjsgHrQim2diALloIEnYg6yfiKgyblJ2nrQNZJlRloMx8EHcZT6+JLo1otKjyu1kFXRLweZ2wOO/gpHXbL7f5/PV5rKhBkJ/hG0AA857E0RLkXE2c7nQCUhcmkpBcmUqoIEAAtzNuu4RazWiIMzmDGznnjxUKhWDZkEk5LqWKAPjNtw/3mqRk3sHiaoJ8UAAbtvFRyVxKYSkS2Gr4oua1piG9avuiZ8ko+n77lnPDatH0WaW4WkDEjX99yqJhNlCfSDqlSZs49p6kLEUw2I2z+eK2d2hWAlx8HuSSfrKm/zkOpoTgDnh9n8Sp8yrHsyVQxxlawBAcBlM26krqpMcMgMlsQ0F5P8Aw3tanzJw0G5P/De1qfMlh2aKt0Y4CnArYhoNyf8Ahva1PmSs0MwIBHg9jE/WVN/nJYdlqt0Y8CnBy10aE4D8P7Sp8yd9CcB+H9pU+ZGHZSrr7GQ6y6Vr/wBCcB+H9pU+ZL9CcB+H9pU+ZGHY/f0ZAL8Sitom02nr6Atcp6G4EExh8wR+kqfMkGh+BAth8jbx3/MjDsHX6MelPpCZ5rc61z6FYD8P7Sp8yVuheBGWH9pU+ZGHYOv0ZIXgh1gIgD4dKA0E5LY36GYEiDh+P6SpuP8AMm0tC8ADbD+0qfMjHsn39GQmj4pJIEGOM3tHUgVWFufH1LZjodgTJOHE2P2353/mTa2heAcQTh5J/qVPmTwI93RixKRokxl/hbOdBuT/AMN7Wp8yUaD8ni4w1wY/S1PmRj2S6xj+rsBgC+tsI2zuPD8m+aLPnC0jB+/1a7lZPoPyfAHg9pJjvtT5l7vJmjWFp02sZS1Wt1oGu/ef5lSiZSqH/9k=')

INSERT INTO tipoProduto(titulo)
VALUES ('Limpeza & Higiene'),('Alimentação'),('Lazer'),('Eletrônicos'),('Eletrodomésticos'),('Estética')

INSERT INTO Produto(idTipoProduto,idEmpresa,preco,quantidade,titulo,descricao,imagemProduto,dataValidade)
VALUES (2,1,1.00,4000,'Paçoca Mococa Muriçoca','Paçoca caseira direto da fazenda','https://encrypted-tbn0.gstatic.com/images?q=tbn:ANd9GcTRHJ03Nz4t0F2urHrKN4KQg7Q74EzE_GBxRA&usqp=CAU','20220402 11:00:00'),(6,3,576.80,472,'Perfume comum','Perfume aroma doce Puro Vodoo','https://moldura-pop.s3.sa-east-1.amazonaws.com/imagens-simuladas/capa/737637.jpg?3','20220321 17:13:09'),(1,3,19.99,4520,'Gelzin','Alcóol em gel Natura','https://static.natura.com/cdn/ff/RbCGGLSFir1zo9Oc1lqAvAarZxQ06CR8DMHRMqUr17Q/1646356913/public/styles/medium/public/products/116382_1_8.jpg?itok=mCTTldOW','20220527 00:00:00'),(1,2,0.99,9000,'Sabão random','Sabonete líquido Ace Ventura','https://encrypted-tbn0.gstatic.com/images?q=tbn:ANd9GcSoJZntfm5g9Cir9SP2-ulsbJ3OK4glVxjsVngYESxsUljpwXEP0QtrktMZfIWwAEC12tY&usqp=CAU','20220602 00:00:00'),(3,3,15.60,7890,'Cigarro popular','Maço de cigarros Marlboro','https://arcomixstr.blob.core.windows.net/product/14193-cigarro-marlboro-red-softpack-g.jpg','20220330 01:10:01')

INSERT INTO situacaoReserva(tituloReserva)
VALUES ('Solicitada'),('Cancelada'),('Aceita'),('Recusada'),('Finalizada')

INSERT INTO Reserva(idSituacao,idProduto,idEmpresa,idCliente,quantidade,preco,dataSolicitacao)
VALUES (1,1,1,1,3,1.00,'20220303 08:46:57'),(2,2,2,2,1,7.45,'20220228 22:30:09'),(3,3,3,3,7,5.79,'20220302 09:07:58'),(4,2,1,3,9,576.80,'20220303 08:50:33'),(5,1,3,2,20,19.99,'20220126 10:11:12')