USE Custo;
GO

INSERT INTO tipoUsuario(nomeTipoUsuario)
VALUES ('Empresa'),('Cliente'),('ONG')

INSERT INTO Usuario (idTipoUsuario,email,senha)
VALUES (1,'extra@hotmail.com','extra1234'),(1,'paodeacucar@gmail.com','pda@1234'),(1,'veran@email.com','veran4321'),(2,'gersin@gmail.com','vascocampeao3'),(2,'veraverao@hotmail.com','40028922'),(2,'vardo@email.com','brazil4all'),(3,'msf@hotmail.com','florence200'),(3,'spnsa@gmail.com','cjangelinavive2022'),(3,'esf@email.com','havaixd1')

INSERT INTO  Estado(nomeEstado)
VALUES ('Acre'),('Alagoas'),('Amapá'),('Amazonas'),('Bahia'),('Ceará'),('Distrito Federal'),('Espirito Santo'),('Goiás'),('Maranhão'),('Mato Grosso'),('Mato Grosso do Sul'),('Minas Gerais'),('Pará'),('Paraíba'),('Paraná'),('Pernambuco'),('Piauí'),('Rio de Janeiro'),('Rio Grande do Norte'),('Rio Grande do Sul'),('Rondônia'),('Roraima'),('Santa Catarina'),('São Paulo'),('Sergipe'),('Tocantins')

INSERT INTO Endereco(idEstado,cep,titulo)
VALUES (19,'12345-678','Rua 1'),(19,'87654-321','Avenida 2'),(25,'32451-098','Estrada 3'),(1,'67580-387','Rodovia 4'),(27,'43572-019','BR-005'),(4,'23260-965','Alameda 6'),(6,'52672-293','Lageado 7'),(16,'35463-0783','Caminho 8'),(20,'23456-987','Rota 9')

INSERT INTO Cliente(idUsuario,idEndereco,nome,documento)
VALUES (4,4,'Gerson Almeida Leite','123.456.789-10'),(5,5,'Vera Gioconda de Faria Melo','098.765.432-01'),(6,6,'Valdívia Ferreira Matos dos Santos e Silva','576.809.231-38'),(7,7,'Medicines Sans Frontiers','98.153.674/0001-57'),(8,8,'Serviço Promocional Nossa Senhora Aparecida','39.767.290/0001-27'),(9,9,'Engenheiro Sem Fronteiras','72.467.921/0001-37')

INSERT INTO Empresa(idUsuario,idEndereco,nomeFantasia,cnpj,imagemEmpresa)
VALUES (1,1,'Extra Hipermercado','12.345.678/0001-99','https://www.google.com/search?q=extra&rlz=1C1ISCS_pt-PTBR989BR989&sxsrf=APq-WBvGEy-GRWOqxJkzG_SWhf1JS5hLUg:1646618865370&tbm=isch&source=iu&ictx=1&vet=1&fir=koWpxLE0QbnKzM%252CUDVFnSVmRcp0BM%252C%252Fm%252F09mwtl&usg=AI4_-kShsSO9v6NfPx7RWRTUuLxidTBQcA&sa=X&ved=2ahUKEwiVvrOk9bL2AhVlrJUCHScVAvAQ_B16BAgLEAI&biw=1366&bih=657&dpr=1#imgrc=koWpxLE0QbnKzM'),(2,2,'Grupo Pão de Açúcar','21.435.768/0001-99','https://www.google.com/search?q=p%C3%A3o+de+a%C3%A7ucar&rlz=1C1ISCS_pt-PTBR989BR989&sxsrf=APq-WBv_YB8ZPCiQxXbM7mp7_Tl_4K6RFw:1646619342975&source=lnms&tbm=isch&sa=X&ved=2ahUKEwia9pGI97L2AhUfpZUCHf50B98Q_AUoA3oECAMQBQ&biw=1366&bih=600&dpr=1#imgrc=1rFDgQGxJGSx5M'),(3,3,'Supermercado Veran','12.545.878/0001-89','https://www.google.com/search?q=veran&rlz=1C1ISCS_pt-PTBR989BR989&sxsrf=APq-WBuy2Lfbt7YhYohppxTWHmpsTU9uOA:1646619373493&tbm=isch&source=iu&ictx=1&vet=1&fir=duaFiI1-mejm-M%252CFiAKCvRk4g8LQM%252C%252Fg%252F11c2kc02l8%253Btmjn1xSMdtAy4M%252CcnyvQFrAJVOjrM%252C_%253B0XiB9Ws5-h7AqM%252Cfd8grOkB0z5mTM%252C_%253BikYvsFn-aF2VVM%252CFBK3e1kh-3kAMM%252C_%253B7jaHw072GtU81M%252Cp3uJtk-D422DIM%252C_&usg=AI4_-kQ5PcW7KGen4x481B-PKPfUwZax4w&sa=X&ved=2ahUKEwjX0diW97L2AhX3rJUCHdkcCwwQ_B16BAgTEAE#imgrc=duaFiI1-mejm-M')

INSERT INTO tipoProduto(titulo)
VALUES ('Limpeza & Higiene'),('Alimentação'),('Lazer'),('Eletrônicos'),('Eletrodomésticos'),('Estética')

INSERT INTO Produto(idTipoProduto,idEmpresa,preco,quantidade,titulo,descricao,imagemProduto,dataValidade)
VALUES (2,1,1.00,4000,'Paçoca Mococa Muriçoca','Paçoca caseira direto da fazenda','https://www.google.com/search?q=pa%C3%A7oca&tbm=isch&sxsrf=APq-WBt1MYoyNZV1kv7SGbBKJ8z9J2S83Q%3A1646618948068&source=hp&biw=1366&bih=600&ei=RGklYrz1Ae7J1sQP1e-08A0&iflsig=AHkkrS4AAAAAYiV3VNBq_oQkiiD34z2y2VKTgFiDFs5D&oq=p&gs_lcp=CgNpbWcQAxgAMgcIIxDvAxAnMgcIIxDvAxAnMgUIABCABDILCAAQgAQQsQMQgwEyCwgAEIAEELEDEIMBMgUIABCABDILCAAQgAQQsQMQgwEyCAgAEIAEELEDMgUIABCABDIICAAQgAQQsQM6CggjEO8DEOoCECdQzRhYzRhgkipoAXAAeACAAXaIAXaSAQMwLjGYAQCgAQGqAQtnd3Mtd2l6LWltZ7ABCg&sclient=img#imgrc=s3KsHqWBr9UUOM','20220309 23:45:00'),(2,1,7.45,5000,'ZielonySmaczny','Acelga polonesa','https://www.google.com/search?q=acelga+polonesa&rlz=1C1ISCS_pt-PTBR989BR989&sxsrf=APq-WBssRBvjuWwk-9oAIpVG1fVdgK0WIA:1646619424531&source=lnms&tbm=isch&sa=X&ved=2ahUKEwiQ8oOv97L2AhVerJUCHTuyCgQQ_AUoAXoECAEQAw&biw=1366&bih=600&dpr=1#imgrc=OeoMRt1EyM8hJM','20220307 10:00:00'),(2,2,5.79,7000,'Báh tchê!!!','Chá mate Leão sabor verde','https://www.google.com/search?q=ch%C3%A1+verde+mate+le%C3%A3o&rlz=1C1ISCS_pt-PTBR989BR989&sxsrf=APq-WBtXOr9WlghSkWHvzzVvqgTyPHOr3A:1646619474152&source=lnms&tbm=isch&sa=X&ved=2ahUKEwiWwtjG97L2AhVTrZUCHWKfDtQQ_AUoAnoECAIQBA&biw=1366&bih=600&dpr=1#imgrc=iND7T2YkqWK92M','20220402 11:00:00'),(6,3,576.80,472,'Xêro Baum','Perfume aroma doce Puro Vodoo','https://www.google.com/search?q=puro+voodoo&rlz=1C1ISCS_pt-PTBR989BR989&sxsrf=APq-WBsn1jLvgim-vvxxBfnvtQGq-0-13A:1646619521608&source=lnms&tbm=isch&sa=X&ved=2ahUKEwi-jqnd97L2AhUPp5UCHfhaCtgQ_AUoAXoECAEQAw&biw=1366&bih=600&dpr=1#imgrc=jKl1INnCgxmiUM','20220321 17:13:09'),(1,3,19.99,4520,'Gelzin','Alcóol em gel Natura','https://www.google.com/search?q=natura+%C3%A1lcool+em+gel&rlz=1C1ISCS_pt-PTBR989BR989&sxsrf=APq-WBsPF0eE8erPCr9Y9q6E5O2MmkfoCQ:1646619560777&source=lnms&tbm=isch&sa=X&ved=2ahUKEwi12f_v97L2AhXQqpUCHfYPCGYQ_AUoAnoECAEQBA&biw=1366&bih=600&dpr=1#imgrc=Tu928g_Qag5cwM','20220527 00:00:00'),(1,2,0.99,9000,'Sabão Crá-crá','Sabonete líquido Ace Ventura','https://www.google.com/search?q=sab%C3%A3o+liquido+ace&rlz=1C1ISCS_pt-PTBR989BR989&sxsrf=APq-WBvI7RbYTInCGMSh3NyDDDerJ4HuNQ:1646619594118&source=lnms&tbm=isch&sa=X&ved=2ahUKEwjT2_L_97L2AhUGqZUCHdgZAtwQ_AUoAnoECAEQBA&biw=1366&bih=600&dpr=1#imgrc=VmzVLM8mAzROUM','20220602 00:00:00'),(3,3,15.60,7890,'Cigarro popular','Maço de cigarros Marlboro','https://www.google.com/search?q=marlboro+cigarro&rlz=1C1ISCS_pt-PTBR989BR989&sxsrf=APq-WBtqnyGAjQAzHMFneeGJ4CWEEtiHkA:1646619661145&tbm=isch&source=iu&ictx=1&vet=1&fir=47RzK2wBXFuhxM%252CEJIDuTbuge6lKM%252C_%253BXH8DMFQoNyE9RM%252CP9rFD9sdrm-OpM%252C_%253Btq3WAoMcesWYdM%252CsCAkI1_-gexLEM%252C_%253BBF5Rx1x-Bx0P-M%252Cae94-eQqlG9gUM%252C_%253B6kVx4MzmNtRglM%252CZAfE_oou8Cfb8M%252C_%253BLeYK-GqlQOcMXM%252C4obIoTwguUOuRM%252C_%253B4rm_XC7f5dGX6M%252CPx4XjETCo2HOMM%252C_%253Bzfu9oVQVlWewKM%252CEUro354LW_A9bM%252C_%253BG5eZBsfUhdnBnM%252CS__1xqiJLao6GM%252C_%253BgqzZpQOBOy5ipM%252CWJdZGItJkJsbXM%252C_%253Buu5h3e7h-ybP9M%252C3J2I2Iw0xKUd1M%252C_%253B8wHtw3qwns37vM%252CBEmNWSP2rX8GmM%252C_%253BJGns8YzTkKXV7M%252CwFSBJWPHQbxiCM%252C_%253BM-KyIJSsaCF8TM%252CdZf4o6mUTRpouM%252C_%253BYVkwPhhtpsLuyM%252CacINSH36n0aHNM%252C_%253Bf8BZx9ZLlN1lkM%252CRNCCRX3Ovy0FdM%252C_&usg=AI4_-kRAf_PGZ1yLBL_V-J0bYEx0Pqz7SQ&sa=X&sqi=2&ved=2ahUKEwi45e2f-LL2AhWFLOwKHQSmDUAQ9QF6BAgXEAE&biw=1366&bih=600&dpr=1#imgrc=tq3WAoMcesWYdM','20220330 01:10:01')

INSERT INTO situacaoReserva(tituloReserva)
VALUES ('Solicitada'),('Cancelada'),('Aceita'),('Recusada'),('Finalizada')

INSERT INTO Reserva(idSituacao,idProduto,idEmpresa,idCliente,quantidade,preco,dataSolicitacao)
VALUES (1,1,1,1,3,1.00,'20220303 08:46:57'),(2,2,2,2,1,7.45,'20220228 22:30:09'),(3,3,3,3,7,5.79,'20220302 09:07:58'),(4,2,1,3,9,576.80,'20220303 08:50:33'),(5,1,3,2,20,19.99,'20220126 10:11:12')